filename,itemClass,background
OA_01.jpg,cup,A
OA_02.jpg,cup,A
OA_03.jpg,cup,A
OA_04.jpg,cup,A
OA_05.jpg,cup,A
OA_06.jpg,cup,A
OA_07.jpg,cup,A
OA_08.jpg,cup,A
OA_09.jpg,cup,A
OA_10.jpg,cup,A
OA_11.jpg,cup,A
OA_12.jpg,cup,A
OA_13.jpg,cup,A
OA_14.jpg,cup,A
OA_15.jpg,cup,A
OA_16.jpg,cup,A
OA_17.jpg,cup,A
OA_18.jpg,cup,A
OA_19.jpg,cup,B
OA_20.jpg,cup,B
OA_21.jpg,cup,B
OA_22.jpg,cup,B
OA_23.jpg,cup,B
OA_24.jpg,cup,B
OA_25.jpg,cup,B
OA_26.jpg,cup,B
OB_01.jpg,cup,A
OB_02.jpg,cup,A
OB_03.jpg,cup,A
OB_04.jpg,cup,A
OB_05.jpg,cup,A
OB_06.jpg,cup,A
OB_07.jpg,cup,A
OB_08.jpg,cup,A
OB_09.jpg,cup,A
OB_10.jpg,cup,B
OB_11.jpg,cup,B
OB_12.jpg,cup,B
OB_13.jpg,cup,B
OB_14.jpg,cup,B
OB_15.jpg,cup,B
OB_16.jpg,cup,B
OB_17.jpg,cup,B
OB_18.jpg,cup,B
OC_01.jpg,cup,A
OC_02.jpg,cup,A
OC_03.jpg,cup,A
OC_04.jpg,cup,A
OC_05.jpg,cup,A
OC_06.jpg,cup,A
OC_07.jpg,cup,A
OC_08.jpg,cup,A
OC_09.jpg,cup,A
OC_10.jpg,cup,A
OC_11.jpg,cup,A
OC_12.jpg,cup,A
OC_13.jpg,cup,A
OC_14.jpg,cup,A
OC_15.jpg,cup,A
OC_16.jpg,cup,A
OC_17.jpg,cup,B
OC_18.jpg,cup,B
OC_19.jpg,cup,B
OC_20.jpg,cup,B
OC_21.jpg,cup,B
OC_22.jpg,cup,B
OC_23.jpg,cup,B
OC_24.jpg,cup,B
OC_25.jpg,cup,B
OC_26.jpg,cup,B
OD_01.jpg,cup,A
OD_02.jpg,cup,A
OD_03.jpg,cup,A
OD_04.jpg,cup,A
OD_05.jpg,cup,A
OD_06.jpg,cup,A
OD_07.jpg,cup,A
OD_08.jpg,cup,A
OD_09.jpg,cup,A
OD_10.jpg,cup,A
OD_11.jpg,cup,A
OD_12.jpg,cup,A
OD_13.jpg,cup,A
OD_14.jpg,cup,A
OD_15.jpg,cup,A
OD_16.jpg,cup,A
OD_17.jpg,cup,B
OD_18.jpg,cup,B
OD_19.jpg,cup,B
OD_20.jpg,cup,B
OD_21.jpg,cup,B
OD_22.jpg,cup,B
OD_23.jpg,cup,B
OD_24.jpg,cup,B
OD_25.jpg,cup,B
OE_01.jpg,cup,A
OE_02.jpg,cup,A
OE_03.jpg,cup,A
OE_04.jpg,cup,A
OE_05.jpg,cup,A
OE_06.jpg,cup,A
OE_07.jpg,cup,A
OE_08.jpg,cup,A
OE_09.jpg,cup,A
OE_10.jpg,cup,A
OE_11.jpg,cup,A
OE_12.jpg,cup,A
OE_13.jpg,cup,A
OE_14.jpg,cup,A
OE_15.jpg,cup,A
OE_16.jpg,cup,A
OE_17.jpg,cup,A
OE_18.jpg,cup,A
OE_19.jpg,cup,A
OE_20.jpg,cup,A
OE_21.jpg,cup,A
OE_22.jpg,cup,B
OE_23.jpg,cup,B
OE_24.jpg,cup,B
OE_25.jpg,cup,B
OE_26.jpg,cup,B
OE_27.jpg,cup,B
OE_28.jpg,cup,B
OE_29.jpg,cup,B
OE_30.jpg,cup,B
OE_31.jpg,cup,B
OE_32.jpg,cup,B
OE_33.jpg,cup,B
OF_01.jpg,cup,A
OF_02.jpg,cup,A
OF_03.jpg,cup,A
OF_04.jpg,cup,A
OF_05.jpg,cup,A
OF_06.jpg,cup,A
OF_07.jpg,cup,A
OF_08.jpg,cup,A
OF_09.jpg,cup,A
OF_10.jpg,cup,A
OF_11.jpg,cup,A
OF_12.jpg,cup,A
OF_13.jpg,cup,A
OF_14.jpg,cup,A
OF_15.jpg,cup,A
OF_16.jpg,cup,A
OF_17.jpg,cup,A
OF_18.jpg,cup,A
OF_19.jpg,cup,A
OF_20.jpg,cup,B
OF_21.jpg,cup,B
OF_22.jpg,cup,B
OF_23.jpg,cup,B
OF_24.jpg,cup,B
OF_25.jpg,cup,B
OF_26.jpg,cup,B
OF_27.jpg,cup,B
OF_28.jpg,cup,B
OG_01.jpg,scissors,A
OG_02.jpg,scissors,A
OG_03.jpg,scissors,A
OG_04.jpg,scissors,A
OG_05.jpg,scissors,A
OG_06.jpg,scissors,A
OG_07.jpg,scissors,A
OG_08.jpg,scissors,A
OG_09.jpg,scissors,A
OG_10.jpg,scissors,A
OG_11.jpg,scissors,A
OG_12.jpg,scissors,A
OG_13.jpg,scissors,A
OG_14.jpg,scissors,A
OG_15.jpg,scissors,A
OG_16.jpg,scissors,A
OG_17.jpg,scissors,A
OG_18.jpg,scissors,A
OG_19.jpg,scissors,A
OG_20.jpg,scissors,A
OG_21.jpg,scissors,A
OG_22.jpg,scissors,A
OG_23.jpg,scissors,A
OG_24.jpg,scissors,A
OG_25.jpg,scissors,A
OG_26.jpg,scissors,A
OG_27.jpg,scissors,A
OG_28.jpg,scissors,A
OG_29.jpg,scissors,A
OG_30.jpg,scissors,A
OH_01.jpg,scissors,A
OH_02.jpg,scissors,A
OH_03.jpg,scissors,A
OH_04.jpg,scissors,A
OH_05.jpg,scissors,A
OH_06.jpg,scissors,A
OH_07.jpg,scissors,A
OH_08.jpg,scissors,A
OH_09.jpg,scissors,A
OH_10.jpg,scissors,A
OH_11.jpg,scissors,A
OH_12.jpg,scissors,A
OH_13.jpg,scissors,A
OH_14.jpg,scissors,A
OH_15.jpg,scissors,A
OH_16.jpg,scissors,A
OH_17.jpg,scissors,A
OH_18.jpg,scissors,A
OH_19.jpg,scissors,A
OH_20.jpg,scissors,A
OH_21.jpg,scissors,A
OH_22.jpg,scissors,A
OH_23.jpg,scissors,A
OH_24.jpg,scissors,A
OH_25.jpg,scissors,A
OH_26.jpg,scissors,A
OH_27.jpg,scissors,A
OH_28.jpg,scissors,A
OI_01.jpg,scissors,A
OI_02.jpg,scissors,A
OI_03.jpg,scissors,A
OI_04.jpg,scissors,A
OI_05.jpg,scissors,A
OI_06.jpg,scissors,A
OI_07.jpg,scissors,A
OI_08.jpg,scissors,A
OI_09.jpg,scissors,A
OI_10.jpg,scissors,A
OI_11.jpg,scissors,A
OI_12.jpg,scissors,A
OI_13.jpg,scissors,A
OI_14.jpg,scissors,A
OI_15.jpg,scissors,A
OI_16.jpg,scissors,A
OI_17.jpg,scissors,A
OI_18.jpg,scissors,A
OI_19.jpg,scissors,A
OI_20.jpg,scissors,A
OI_21.jpg,scissors,A
OI_22.jpg,scissors,A
OI_23.jpg,scissors,A
OI_24.jpg,scissors,A
OI_25.jpg,scissors,A
OI_26.jpg,scissors,A
OI_27.jpg,scissors,A
OI_28.jpg,scissors,A
OI_29.jpg,scissors,A
OJ_01.jpg,scissors,A
OJ_02.jpg,scissors,A
OJ_03.jpg,scissors,A
OJ_04.jpg,scissors,A
OJ_05.jpg,scissors,A
OJ_06.jpg,scissors,A
OJ_07.jpg,scissors,A
OJ_08.jpg,scissors,A
OJ_09.jpg,scissors,A
OJ_10.jpg,scissors,A
OJ_11.jpg,scissors,A
OJ_12.jpg,scissors,A
OJ_13.jpg,scissors,A
OJ_14.jpg,scissors,A
OJ_15.jpg,scissors,A
OJ_16.jpg,scissors,A
OJ_17.jpg,scissors,A
OJ_18.jpg,scissors,A
OJ_19.jpg,scissors,A
OJ_20.jpg,scissors,A
OJ_21.jpg,scissors,A
OJ_22.jpg,scissors,A
OJ_23.jpg,scissors,A
OJ_24.jpg,scissors,A
OJ_25.jpg,scissors,A
OJ_26.jpg,scissors,A
OK_01.jpg,scissors,A
OK_02.jpg,scissors,A
OK_03.jpg,scissors,A
OK_04.jpg,scissors,A
OK_05.jpg,scissors,A
OK_06.jpg,scissors,A
OK_07.jpg,scissors,A
OK_08.jpg,scissors,A
OK_09.jpg,scissors,A
OK_10.jpg,scissors,A
OK_11.jpg,scissors,A
OK_12.jpg,scissors,A
OK_13.jpg,scissors,A
OK_14.jpg,scissors,A
OK_15.jpg,scissors,A
OK_16.jpg,scissors,A
OK_17.jpg,scissors,A
OK_18.jpg,scissors,A
OK_19.jpg,scissors,A
OK_20.jpg,scissors,A
OK_21.jpg,scissors,A
OK_22.jpg,scissors,A
OK_23.jpg,scissors,A
OK_24.jpg,scissors,A
OK_25.jpg,scissors,A
OK_26.jpg,scissors,A
OK_27.jpg,scissors,A
OK_28.jpg,scissors,A
OL_01.jpg,skeinOfYarn,A
OL_02.jpg,skeinOfYarn,A
OL_03.jpg,skeinOfYarn,A
OL_04.jpg,skeinOfYarn,A
OM_01.jpg,skeinOfYarn,A
OM_02.jpg,skeinOfYarn,A
OM_03.jpg,skeinOfYarn,A
OM_04.jpg,skeinOfYarn,A
ON_01.jpg,skeinOfYarn,A
ON_02.jpg,skeinOfYarn,A
ON_03.jpg,skeinOfYarn,A
ON_04.jpg,skeinOfYarn,A
OO_01.jpg,skeinOfYarn,A
OO_02.jpg,skeinOfYarn,A
OO_03.jpg,skeinOfYarn,A
OO_04.jpg,skeinOfYarn,A
OP_01.jpg,skeinOfYarn,A
OP_02.jpg,skeinOfYarn,A
OP_03.jpg,skeinOfYarn,A
OP_04.jpg,skeinOfYarn,A
OQ_01.jpg,skeinOfYarn,A
OQ_02.jpg,skeinOfYarn,A
OQ_03.jpg,skeinOfYarn,A
OQ_04.jpg,skeinOfYarn,A
OR_01.jpg,skeinOfYarn,A
OR_02.jpg,skeinOfYarn,A
OR_03.jpg,skeinOfYarn,A
OR_04.jpg,skeinOfYarn,A
OS_01.jpg,skeinOfYarn,A
OS_02.jpg,skeinOfYarn,A
OS_03.jpg,skeinOfYarn,A
OS_04.jpg,skeinOfYarn,A
OT_01.jpg,skeinOfYarn,A
OT_02.jpg,skeinOfYarn,A
OT_03.jpg,skeinOfYarn,A
OT_04.jpg,skeinOfYarn,A
OU_01.jpg,clothespins,A
OU_02.jpg,clothespins,A
OU_03.jpg,clothespins,A
OU_04.jpg,clothespins,A
OU_05.jpg,clothespins,A
OU_06.jpg,clothespins,A
OU_07.jpg,clothespins,A
OU_08.jpg,clothespins,A
OV_01.jpg,clothespins,A
OV_02.jpg,clothespins,A
OV_03.jpg,clothespins,A
OV_04.jpg,clothespins,A
OV_05.jpg,clothespins,A
OV_06.jpg,clothespins,A
OV_08.jpg,clothespins,A
OV_09.jpg,clothespins,A
OV_10.jpg,clothespins,A
OV_11.jpg,clothespins,A
OW_01.jpg,clothespins,A
OW_02.jpg,clothespins,A
OW_03.jpg,clothespins,A
OW_04.jpg,clothespins,A
OW_05.jpg,clothespins,A
OX_01.jpg,clothespins,A
OX_02.jpg,clothespins,A
OX_03.jpg,clothespins,A
OX_04.jpg,clothespins,A
OY_01.jpg,clothespins,A
OY_02.jpg,clothespins,A
OY_03.jpg,clothespins,A
OY_04.jpg,clothespins,A
OZ_01.jpg,clothespins,A
OZ_02.jpg,clothespins,A
OZ_03.jpg,clothespins,A
OZ_04.jpg,clothespins,A